"id","code","name","reconcile","user_type:id","active","check_history","company_id:id","parent_id:id","currency_mode","type"
"0","0","POC",0,"vista",1,0,"base.main_company",,"current","view"
"1","1","Classe Disponibilidades",0,"vista",1,0,"base.main_company","0","current","view"
"2","2","Classe Terceiros",0,"vista",1,0,"base.main_company","0","current","view"
"3","3","Classe Existências",0,"vista",1,0,"base.main_company","0","current","view"
"4","4","Classe Imobilizado",0,"vista",1,0,"base.main_company","0","current","view"
"5","5","Classe Capital",0,"vista",1,0,"base.main_company","0","current","view"
"6","6","Classe Custos",0,"vista",1,0,"base.main_company","0","current","view"
"7","7","Classe Vendas",0,"vista",1,0,"base.main_company","0","current","view"
"8","8","Classe Resultados",0,"vista",1,0,"base.main_company","0","current","view"
"11","11","Caixa",0,"razao",1,0,"base.main_company","1","current","view"
"111","111","Caixa A",0,"dinheiro",1,0,"base.main_company","11","current","other"
"12","12","Depósitos à Ordem",0,"razao",1,0,"base.main_company","1","current","view"
"1218","1218","Totta & Açores",0,"dinheiro",1,0,"base.main_company","12","current","other"
"1235","1235","Caixa Geral Depósitos",0,"vista",1,0,"base.main_company","12","current","view"
"1238","1238","BANIF",0,"dinheiro",1,0,"base.main_company","12","current","other"
"13","13","Depósitos a Prazo",0,"razao",1,0,"base.main_company","1","current","view"
"14","14","Outros Depósitos Bancários",0,"razao",1,0,"base.main_company","1","current","view"
"15","15","Títulos Negociáveis",0,"razao",1,0,"base.main_company","1","current","view"
"151","151","Acções",0,"dinheiro",1,0,"base.main_company","15","current","other"
"152","152","Obrigações e Títulos de Particip.",0,"dinheiro",1,0,"base.main_company","15","current","other"
"153","153","Títulos da Dívida Pública",0,"dinheiro",1,0,"base.main_company","15","current","other"
"159","159","Outros Títulos",0,"dinheiro",1,0,"base.main_company","15","current","other"
"18","18","Outras Aplicações de Teouraria",0,"razao",1,0,"base.main_company","1","current","view"
"19","19","Prov. para Aplicações de Tesouraria",0,"razao",1,0,"base.main_company","1","current","view"
"195","195","Títulos Negociáveis",0,"vista",1,0,"base.main_company","19","current","view"
"1951","1951","Acções",0,"dinheiro",1,0,"base.main_company","195","current","other"
"1952","1952","Obrigações e Títulos de Particip.",0,"dinheiro",1,0,"base.main_company","195","current","other"
"1953","1953","Títulos da Dívida Pública",0,"dinheiro",1,0,"base.main_company","195","current","other"
"1959","1959","Outros Títulos",0,"dinheiro",1,0,"base.main_company","195","current","other"
"198","198","Outras Aplicações de Tesouraria",0,"dinheiro",1,0,"base.main_company","19","current","other"
"21","21","Clientes",0,"razao",1,0,"base.main_company","2","current","view"
"211","211","Clientes - c/c",0,"vista",1,0,"base.main_company","21","current","view"
"2111","2111","Clientes - c/c - MADEIRA",1,"receber",1,0,"base.main_company","211","current","receivable"
"2112","2112","Clientes - c/c - Continente",1,"receber",1,0,"base.main_company","211","current","receivable"
"2113","2113","Clientes - c/c - Açores",1,"receber",1,0,"base.main_company","211","current","receivable"
"212","212","Clientes - Títulos a Receber",1,"receber",1,0,"base.main_company","21","current","receivable"
"218","218","Clientes de Cobrança Duvidosa",1,"receber",1,0,"base.main_company","21","current","receivable"
"219","219","Adiantamentos de Clientes",1,"receber",1,0,"base.main_company","21","current","receivable"
"22","22","Fornecedores",0,"razao",1,0,"base.main_company","2","current","view"
"221","221","Fornecedores - c/c",0,"vista",1,0,"base.main_company","22","current","view"
"2211","2211","Fornecedores - c/c - Madeira",1,"pagar",1,0,"base.main_company","221","current","payable"
"2212","2212","Fornecedores - c/c - Continente",1,"pagar",1,0,"base.main_company","221","current","payable"
"2213","2213","Fornecedores - c/c - Outros Merc.",1,"pagar",1,0,"base.main_company","221","current","payable"
"222","222","Fornecedores - Títulos a Pagar",0,"vista",1,0,"base.main_company","22","current","view"
"228","228","Fornecedores - Fact. Recp. e Conf.",0,"vista",1,0,"base.main_company","22","current","view"
"229","229","Adiantamentos a Fornecedores",0,"vista",1,0,"base.main_company","22","current","view"
"23","23","Empréstimos Obtidos",0,"razao",1,0,"base.main_company","2","current","view"
"231","231","Empréstimos Bancários",0,"vista",1,0,"base.main_company","23","current","view"
"2311","2311","Empréstimos Bancários-Externos",0,"dinheiro",1,0,"base.main_company","231","current","other"
"2312","2312","Outros Empréstimos Bancários",0,"vista",1,0,"base.main_company","231","current","view"
"231235","231235","CGD",0,"dinheiro",1,0,"base.main_company","2312","current","other"
"231238","231238","Banif",0,"dinheiro",1,0,"base.main_company","2312","current","other"
"239","239","Outros Empréstimos Obtidos",0,"dinheiro",1,0,"base.main_company","23","current","other"
"24","24","Estados e Outros Entes Públicos",0,"razao",1,0,"base.main_company","2","current","view"
"241","241","Imposto sobre o Rendimento",0,"vista",1,0,"base.main_company","24","current","view"
"2411","2411","IRC do exercicio",0,"impostos",1,0,"base.main_company","241","current","other"
"2412","2412","IRC Pagamentos por Conta",0,"impostos",1,0,"base.main_company","241","current","other"
"2413","2413","IRC Pagamento  Especial por conta",0,"impostos",1,0,"base.main_company","241","current","other"
"2414","2414","IRC - retenção na fonte",0,"impostos",1,0,"base.main_company","241","current","other"
"2415","2415","IRC - Imposto a Pagar",0,"impostos",1,0,"base.main_company","241","current","other"
"2416","2416","IRC - Imposto a recuperar",0,"impostos",1,0,"base.main_company","241","current","other"
"242","242","Retenção de Impostos sobre Rend.",0,"vista",1,0,"base.main_company","24","current","view"
"2421","2421","RIR-Trabalho dependente",0,"impostos",1,0,"base.main_company","242","current","other"
"2422","2422","RIR-Trabalho independente",0,"impostos",1,0,"base.main_company","242","current","other"
"2423","2423","RIR-Capitais",0,"impostos",1,0,"base.main_company","242","current","other"
"2424","2424","RIR-Prediais",0,"impostos",1,0,"base.main_company","242","current","other"
"2429","2429","RIR-Sobre outros rendimentos",0,"impostos",1,0,"base.main_company","242","current","other"
"243","243","Imposto s/valor Acrescentado - IVA",0,"vista",1,0,"base.main_company","24","current","view"
"2432","2432","IVA - Dedutível",0,"vista",1,0,"base.main_company","243","current","view"
"24321","24321","IVA-Ded-Existencias",0,"vista",1,0,"base.main_company","2432","current","view"
"243210","243210","IVA-Ded-Exist-Isentas",0,"impostos",1,0,"base.main_company","24321","current","other"
"243211","243211","IVA-Ded-Exist-Taxa Reduzida",0,"vista",1,0,"base.main_company","24321","current","view"
"2432111","2432111","IVA-Ded-Exist-TxRed-Madeira",0,"impostos",1,0,"base.main_company","243211","current","other"
"2432112","2432112","IVA-Ded-Exist-TxRed-Continente",0,"impostos",1,0,"base.main_company","243211","current","other"
"2432113","2432113","IVA-Ded-Exist-TxRed-Merc.Comunitari",0,"impostos",1,0,"base.main_company","243211","current","other"
"243212","243212","IVA-Ded-Exist-Taxa Normal",0,"vista",1,0,"base.main_company","24321","current","view"
"2432121","2432121","IVA-Ded-Exist-TxNor-Madeira 13%",0,"impostos",1,0,"base.main_company","243212","current","other"
"2432122","2432122","IVA-Ded-Exist-TxNor-Continente",0,"impostos",1,0,"base.main_company","243212","current","other"
"2432123","2432123","IVA-Ded-Exist-TxNor-Outros Merc.",0,"impostos",1,0,"base.main_company","243212","current","other"
"2432124","2432124","IVA-Ded-Exist-TxNor-Europa_Autoliq",0,"impostos",1,0,"base.main_company","243212","current","other"
"2432126","2432126","IVA-Ded-Exist-TxNor-Autoliquidações",0,"impostos",1,0,"base.main_company","243212","current","other"
"243213","243213","IVA-Ded-Exist-Taxa Intermédia",0,"vista",1,0,"base.main_company","24321","current","view"
"2432131","2432131","IVA-Ded-Exist-TxInt-Madeira",0,"impostos",1,0,"base.main_company","243213","current","other"
"2432132","2432132","IVA-Ded-Exist-TxInt-Continente",0,"impostos",1,0,"base.main_company","243213","current","other"
"2432133","2432133","IVA-Ded-Exist-TxInt-Outros Merc.",0,"impostos",1,0,"base.main_company","243213","current","other"
"243219","243219","IVA-Ded-Exist-Adiantamentos",0,"vista",1,0,"base.main_company","24321","current","view"
"2432191","2432191","IVA-Ded-Exist-Adiant.-Taxa Reduzida",0,"impostos",1,0,"base.main_company","243219","current","other"
"2432192","2432192","IVA-Ded-Exist-Adiant.-Taxa Normal",0,"impostos",1,0,"base.main_company","243219","current","other"
"24322","24322","IVA-Ded-Imobilizado",0,"vista",1,0,"base.main_company","2432","current","view"
"243222","243222","IVA-Ded-Imob.-Taxa Normal",0,"vista",1,0,"base.main_company","24322","current","view"
"2432221","2432221","IVA-Ded-Imob.-TxNor.-Madeira",0,"impostos",1,0,"base.main_company","243222","current","other"
"2432222","2432222","IVA-Ded-Imob.-TxNor.Continente",0,"impostos",1,0,"base.main_company","243222","current","other"
"2432223","2432223","IVA-Ded-Imob.-TxNor.-Outros Merc.",0,"impostos",1,0,"base.main_company","243222","current","other"
"243223","243223","IVA-Ded-Imob.-Taxa Intermedia",0,"vista",1,0,"base.main_company","24322","current","view"
"2432231","2432231","IVA-Ded-Imob.-Taxa Inter.-Madeira",0,"impostos",1,0,"base.main_company","243223","current","other"
"24323","24323","IVA-Ded-Outros Bens e Servicos",0,"vista",1,0,"base.main_company","2432","current","view"
"243231","243231","IVA-Ded-OBS-Taxa Reduzida",0,"vista",1,0,"base.main_company","24323","current","view"
"2432311","2432311","IVA-Ded-OBS-TxRed.-Madeira",0,"impostos",1,0,"base.main_company","243231","current","other"
"2432312","2432312","IVA-Ded-OBS-TxRed.-Continente",0,"impostos",1,0,"base.main_company","243231","current","other"
"2432313","2432313","IVA-Ded-OBS-TxRed.-Outros Merc.",0,"impostos",1,0,"base.main_company","243231","current","other"
"243232","243232","IVA-Ded-OBS-Taxa Normal",0,"vista",1,0,"base.main_company","24323","current","view"
"2432321","2432321","IVA-Ded-OBS-TxNor.-Madeira",0,"impostos",1,0,"base.main_company","243232","current","other"
"2432322","2432322","IVA-Ded-OBS-TxNor.-Continente",0,"impostos",1,0,"base.main_company","243232","current","other"
"2432323","2432323","IVA-Ded-OBS-TxNor.-Outros Merc.",0,"impostos",1,0,"base.main_company","243232","current","other"
"2432326","2432326","IVA-Ded-OBS-TxNor.-Autoliquidações",0,"impostos",1,0,"base.main_company","243232","current","other"
"2432329","2432329","IVA-Ded-OBS-TxNor.-Leasings",0,"impostos",1,0,"base.main_company","243232","current","other"
"243233","243233","IVA-Ded-OBS-TxInermedia",0,"vista",1,0,"base.main_company","24323","current","view"
"2432331","2432331","IVA-Ded-OBS-Tx.Inter.Madeira",0,"impostos",1,0,"base.main_company","243233","current","other"
"243234","243234","IVA-Ded-OBS-Reg. Especial - Gasóleo",0,"vista",1,0,"base.main_company","24323","current","view"
"2432341","2432341","IVA-Ded-OBS-Gasóleo-Mad.50%",0,"vista",1,0,"base.main_company","243234","current","view"
"24323411","24323411","IVA-Ded-OBS-Gasóleo-Mad.-50%-TA",0,"impostos",1,0,"base.main_company","2432341","current","other"
"24323412","24323412","IVA-Ded-OBS-Gasóleo-Mad.-50%-NTA",0,"impostos",1,0,"base.main_company","2432341","current","other"
"24323413","24323413","IVA-Ded-OBS-Gasóleo-Mad.-Tot.Deduti",0,"impostos",1,0,"base.main_company","2432341","current","other"
"2432342","2432342","IVA-Ded-OBS-Gasóleo Tot. Ded.-Mad",0,"impostos",1,0,"base.main_company","243234","current","other"
"2433","2433","IVA - Liquidado",0,"vista",1,0,"base.main_company","243","current","view"
"24331","24331","IVA - Liq.- Operacoes Gerais",0,"vista",1,0,"base.main_company","2433","current","view"
"243311","243311","IVA - Liq.-Vendas",0,"vista",1,0,"base.main_company","24331","current","view"
"2433111","2433111","IVA-Liq.-Vendas-Taxa Reduzida",0,"vista",1,0,"base.main_company","243311","current","view"
"24331111","24331111","IVA-Liq.-Vendas-TxRed.-Madeira",0,"impostos",1,0,"base.main_company","2433111","current","other"
"2433112","2433112","IVA-Liq.-Vendas-Taxa Normal",0,"vista",1,0,"base.main_company","243311","current","view"
"24331121","24331121","IVA-Liq.-Vendas-TxNor-Madeira",0,"impostos",1,0,"base.main_company","2433112","current","other"
"2433113","2433113","IVA-Liq.-Vendas-Taxa Intermédia",0,"vista",1,0,"base.main_company","243311","current","view"
"24331131","24331131","IVA-Liq.-Vendas-TxInt-Madeira",0,"impostos",1,0,"base.main_company","2433113","current","other"
"243312","243312","IVA-Liq.-Prestações de Serviços",0,"vista",1,0,"base.main_company","24331","current","view"
"2433121","2433121","IVA-Liq.-Pr.Serv.-Taxa Reduzida",0,"vista",1,0,"base.main_company","243312","current","view"
"24331211","24331211","IVA-Liq.-Pr.Serv.-Tx-Red.Madeira",0,"impostos",1,0,"base.main_company","2433121","current","other"
"2433122","2433122","IVA-Liq.-Pr.Serv.-Taxa Normal",0,"vista",1,0,"base.main_company","243312","current","view"
"24331221","24331221","IVA-Liq.-Pr.Serv-TxNor-Madeira",0,"impostos",1,0,"base.main_company","2433122","current","other"
"24331223","24331223","IVA-Liq.-Pr.Serv-TxNor-Madeira13",0,"impostos",1,0,"base.main_company","2433122","current","other"
"24331225","24331225","IVA-Liq.-Pr.Serv-TxNor-Açores",0,"impostos",1,0,"base.main_company","2433122","current","other"
"2433123","2433123","IVA-Liq.-Pr.Serv.-Taxa Intermédia",0,"vista",1,0,"base.main_company","243312","current","view"
"24331231","24331231","IVA-Liq.-Pr.Serv-TxInt-Madeira",0,"impostos",1,0,"base.main_company","2433123","current","other"
"243313","243313","IVA-Liq.-Outros Proveitos",0,"vista",1,0,"base.main_company","24331","current","view"
"2433132","2433132","IVA-Liq.-Otr.Prov.-Taxa Normal",0,"vista",1,0,"base.main_company","243313","current","view"
"24331321","24331321","IVA-Liq.-Otr.Prov.-TxNor-Madeira",0,"impostos",1,0,"base.main_company","2433132","current","other"
"243314","243314","IVA-Liq.-Vendas Imobilizado",0,"vista",1,0,"base.main_company","24331","current","view"
"2433142","2433142","IVA-Liq.-Imob.-Taxa Normal",0,"vista",1,0,"base.main_company","243314","current","view"
"24331421","24331421","IVA-Liq.-Imob.-TxNor.-Madeira",0,"impostos",1,0,"base.main_company","2433142","current","other"
"24332","24332","Autoconsumos e Operações Grat.",0,"vista",1,0,"base.main_company","2433","current","view"
"243321","243321","Aut. Op. Grat.-Existências",0,"vista",1,0,"base.main_company","24332","current","view"
"2433211","2433211","Aut. Op. Grat.-Exist.-Taxa Reduzida",0,"vista",1,0,"base.main_company","243321","current","view"
"24332111","24332111","Aut. Op. Grat.-Exist.-TxRed-Madeira",0,"impostos",1,0,"base.main_company","2433211","current","other"
"2433212","2433212","Aut. Op. Grat.-Exist.-Taxa Normal",0,"vista",1,0,"base.main_company","243321","current","view"
"24332121","24332121","Aut. Op. Grat.-Exist.-TxNor-Madeira",0,"impostos",1,0,"base.main_company","2433212","current","other"
"24333","24333","Iva Liq.-Trans. Intracomunitária",0,"vista",1,0,"base.main_company","2433","current","view"
"2433331","2433331","Iva Liq.-TIC-Existências",0,"vista",1,0,"base.main_company","24333","current","view"
"24333311","24333311","Iva Liq.-TIC-Exist.-Taxa Reduzida",0,"impostos",1,0,"base.main_company","2433331","current","other"
"24333312","24333312","Iva Liq.-TIC-Exist.-Taxa Normal",0,"impostos",1,0,"base.main_company","2433331","current","other"
"24333313","24333313","Iva Liq.-TIC-Exist.-Taxa Intermédia",0,"impostos",1,0,"base.main_company","2433331","current","other"
"2433341","2433341","Iva Liq.-TIC-Imobilizado",0,"vista",1,0,"base.main_company","24333","current","view"
"24333411","24333411","Iva Liq.-TIC-Imob.-Taxa Reduzida",0,"impostos",1,0,"base.main_company","2433341","current","other"
"24333412","24333412","Iva Liq.-TIC-Imob.-Taxa Normal",0,"impostos",1,0,"base.main_company","2433341","current","other"
"2433362","2433362","Iva Liq.-TIC-OBS",0,"vista",1,0,"base.main_company","24333","current","view"
"24333621","24333621","Iva Liq.-TIC-OBS-Taxa Reduzida",0,"impostos",1,0,"base.main_company","2433362","current","other"
"24333622","24333622","Iva Liq.-TIC-OBS-Taxa Normal",0,"impostos",1,0,"base.main_company","2433362","current","other"
"24336","24336","Iva Liq.-Trans. c/Autoliquidação",0,"vista",1,0,"base.main_company","2433","current","view"
"2433631","2433631","Iva Liq.-TCAL-Existências",0,"vista",1,0,"base.main_company","24336","current","view"
"24336312","24336312","Iva Liq.-TCAL-Exist.-Taxa Normal",0,"impostos",1,0,"base.main_company","2433631","current","other"
"243366","243366","Iva Liq.-TCAL-OBS",0,"vista",1,0,"base.main_company","24336","current","view"
"2433662","2433662","Iva Liq.-TCAL-OBS-Taxa Normal",0,"vista",1,0,"base.main_company","243366","current","view"
"24336621","24336621","Iva Liq.-TCAL-OBS-T Normal Mad",0,"impostos",1,0,"base.main_company","2433662","current","other"
"24336622","24336622","Iva Liq.-TCAL-OBS-T Normal Cont",0,"impostos",1,0,"base.main_company","2433662","current","other"
"24339","24339","Iva Liq. - Adiantamentos",0,"vista",1,0,"base.main_company","2433","current","view"
"243391","243391","Iva Liq. - Ad.-Vendas",0,"vista",1,0,"base.main_company","24339","current","view"
"2433911","2433911","Iva Liq. - Ad.-Vnd.-Taxa Reduzida",0,"vista",1,0,"base.main_company","243391","current","view"
"24339111","24339111","Iva Liq. - Ad.-Vnd.-TxRed.-Madeira",0,"impostos",1,0,"base.main_company","2433911","current","other"
"2433912","2433912","Iva Liq. - Ad.-Vnd.-Taxa Normal",0,"vista",1,0,"base.main_company","243391","current","view"
"24339121","24339121","Iva Liq. - Ad.-Vnd.-TxNor.-Madeira",0,"impostos",1,0,"base.main_company","2433912","current","other"
"2434","2434","IVA - Regularizações",0,"vista",1,0,"base.main_company","243","current","view"
"24341","24341","IVA-Reg.-Mens./Trim. f/ Empresa",0,"vista",1,0,"base.main_company","2434","current","view"
"243411","243411","IVA-REG.-FE.-Erro/Omis. Ap. Imp.",0,"vista",1,0,"base.main_company","24341","current","view"
"2434111","2434111","IVA-REG.-FE.-OM-Rel. a Existências",0,"impostos",1,0,"base.main_company","243411","current","other"
"2434112","2434112","IVA-REG.-FE.-OM-Rel. a Imobilizado",0,"impostos",1,0,"base.main_company","243411","current","other"
"2434113","2434113","IVA-REG.-FE.-OM-Rel. OBS",0,"impostos",1,0,"base.main_company","243411","current","other"
"2434114","2434114","IVA-REG.-FE.-OM-Rel. a Op. Gerais",0,"impostos",1,0,"base.main_company","243411","current","other"
"243412","243412","IVA-REG.-FE.-p/Dev. de Clientes",0,"vista",1,0,"base.main_company","24341","current","view"
"2434122","2434122","IVA-REG.-FE.-DC-Taxa Normal",0,"vista",1,0,"base.main_company","243412","current","view"
"24341221","24341221","IVA-REG.-FE.-DC-TxNor-Vendas",0,"impostos",1,0,"base.main_company","2434122","current","other"
"24341222","24341222","IVA-REG.-FE.-DC-TxNor-Pr.Serv.",0,"impostos",1,0,"base.main_company","2434122","current","other"
"2434123","2434123","IVA-REG.-FE.-DC-Taxa Intermédia",0,"vista",1,0,"base.main_company","243412","current","view"
"24341231","24341231","IVA-REG.-FE.-DC-TxInt-Vendas",0,"impostos",1,0,"base.main_company","2434123","current","other"
"24341232","24341232","IVA-REG.-FE.-DC-TxInt-Pr.Serv.",0,"impostos",1,0,"base.main_company","2434123","current","other"
"243413","243413","IVA-REG.-FE-p/Desc, Abat. Bónus C.",0,"vista",1,0,"base.main_company","24341","current","view"
"2434132","2434132","IVA-REG.-FE-DABC-Taxa Normal",0,"vista",1,0,"base.main_company","243413","current","view"
"24341321","24341321","IVA-REG.-FE-DABC-TxNor-Vendas",0,"impostos",1,0,"base.main_company","2434132","current","other"
"24341322","24341322","IVA-REG.-FE-DABC-TxNor-Pr. Serv.",0,"impostos",1,0,"base.main_company","2434132","current","other"
"2434133","2434133","IVA-REG.-FE-DABC-Taxa Intermédia",0,"vista",1,0,"base.main_company","243413","current","view"
"24341331","24341331","IVA-REG.-FE-DABC-TxInt-Vendas",0,"impostos",1,0,"base.main_company","2434133","current","other"
"24341332","24341332","IVA-REG.-FE-DABC-TxInt-Pr. Serv.",0,"impostos",1,0,"base.main_company","2434133","current","other"
"243414","243414","IVA-REG.-FE-p/Anul. Incob. de Créd.",0,"impostos",1,0,"base.main_company","24341","current","other"
"243416","243416","IVA-REG.-FE-p/Anul. auto-Liquidacao",0,"impostos",1,0,"base.main_company","24341","current","other"
"24342","24342","IVA-REG.-Mens./Trim. f/Estado",0,"vista",1,0,"base.main_company","2434","current","view"
"243421","243421","IVA-REG-FES-Erro/Omiss. Ap. IVA",0,"vista",1,0,"base.main_company","24342","current","view"
"2434211","2434211","IVA-REG-FES-OM-Existências",0,"impostos",1,0,"base.main_company","243421","current","other"
"2434212","2434212","IVA-REG-FES-OM-Imobilizado",0,"impostos",1,0,"base.main_company","243421","current","other"
"2434213","2434213","IVA-REG-FES-OM-OBS",0,"impostos",1,0,"base.main_company","243421","current","other"
"2434214","2434214","IVA-REG-FES-OM-Op. Gerais",0,"impostos",1,0,"base.main_company","243421","current","other"
"243422","243422","IVA-REG-FES-p/Devolução a Forn",0,"vista",1,0,"base.main_company","24342","current","view"
"2434221","2434221","IVA-REG-FES-DF-Taxa Reduzida",0,"vista",1,0,"base.main_company","243422","current","view"
"24342211","24342211","IVA-REG-FES-DF-TxRed-Exist.",0,"impostos",1,0,"base.main_company","2434221","current","other"
"24342212","24342212","IVA-REG-FES-DF-TxRed-Imob.",0,"impostos",1,0,"base.main_company","2434221","current","other"
"24342213","24342213","IVA-REG-FES-DF-TxRed-OBS",0,"impostos",1,0,"base.main_company","2434221","current","other"
"2434222","2434222","IVA-REG-FES-DF-Taxa Normal",0,"vista",1,0,"base.main_company","243422","current","view"
"24342221","24342221","IVA-REG-FES-DF-TxNor-Exist.",0,"impostos",1,0,"base.main_company","2434222","current","other"
"24342222","24342222","IVA-REG-FES-DF-TxNor-Imob.",0,"impostos",1,0,"base.main_company","2434222","current","other"
"24342223","24342223","IVA-REG-FES-DF-TxNor-OBS",0,"impostos",1,0,"base.main_company","2434222","current","other"
"24342226","24342226","IVA-REG-FES-DF-TxNor-OBS AutoLiq",0,"impostos",1,0,"base.main_company","2434222","current","other"
"2434223","2434223","IVA-REG-FES-DF-Taxa Intermédia",0,"vista",1,0,"base.main_company","243422","current","view"
"24342231","24342231","IVA-REG-FES-DF-TxInt-Exist.",0,"impostos",1,0,"base.main_company","2434223","current","other"
"243423","243423","IVA-REG-FES-p/Desc.e Abat. Obtidos",0,"vista",1,0,"base.main_company","24342","current","view"
"2434231","2434231","IVA-REG-FES-p/DAO-Taxa Reduzida",0,"vista",1,0,"base.main_company","243423","current","view"
"24342311","24342311","IVA-REG-FES-p/DAO-TxRed-Exist.",0,"impostos",1,0,"base.main_company","2434231","current","other"
"24342312","24342312","IVA-REG-FES-p/DAO-TxRed-Imob.",0,"impostos",1,0,"base.main_company","2434231","current","other"
"24342313","24342313","IVA-REG-FES-p/DAO-TxRed-OBS",0,"impostos",1,0,"base.main_company","2434231","current","other"
"2434232","2434232","IVA-REG-FES-p/DAO-Taxa Normal",0,"vista",1,0,"base.main_company","243423","current","view"
"24342321","24342321","IVA-REG-FES-p/DAO-TxNor-Exist.",0,"impostos",1,0,"base.main_company","2434232","current","other"
"24342322","24342322","IVA-REG-FES-p/DAO-TxNor-Imob.",0,"impostos",1,0,"base.main_company","2434232","current","other"
"24342323","24342323","IVA-REG-FES-p/DAO-TxNor-OBS",0,"impostos",1,0,"base.main_company","2434232","current","other"
"2434233","2434233","IVA-REG-FES-p/DAO-Taxa Intermédia",0,"vista",1,0,"base.main_company","243423","current","view"
"24342331","24342331","IVA-REG-FES-p/DAO-TxInt-Exist.",0,"impostos",1,0,"base.main_company","2434233","current","other"
"243424","243424","IVA-Outras Reg. a Favor do Estado",0,"impostos",1,0,"base.main_company","24342","current","other"
"24343","24343","IVA-Anuais p/Cálc.Pró-Rata Def.",0,"vista",1,0,"base.main_company","2434","current","view"
"243431","243431","IVA-ACPRD-Favor do sujeito passivo",0,"impostos",1,0,"base.main_company","24343","current","other"
"243432","243432","IVA-ACPRD-A favor do estado",0,"impostos",1,0,"base.main_company","24343","current","other"
"24344","24344","IVA-Anuais por Var. Pró-Rata Def.",0,"vista",1,0,"base.main_company","2434","current","view"
"243441","243441","IVA-AVPRD-Favor do Sujeito Passivo",0,"impostos",1,0,"base.main_company","24344","current","other"
"243442","243442","IVA-AVPRD-A Favor do Estado",0,"impostos",1,0,"base.main_company","24344","current","other"
"24345","24345","IVA-Outras Regularizacoes Anuais",0,"vista",1,0,"base.main_company","2434","current","view"
"243451","243451","IVA-ORA-Art. 25 - Iva Imóveis",0,"vista",1,0,"base.main_company","24345","current","view"
"2434511","2434511","IVA-ORA-IMOV-Favor do S. Passivo",0,"impostos",1,0,"base.main_company","243451","current","other"
"2434512","2434512","IVA-ORA-IMOV-A Favor do Estado",0,"impostos",1,0,"base.main_company","243451","current","other"
"243453","243453","IVA-Outras Reg. não Especificadas",0,"vista",1,0,"base.main_company","24345","current","view"
"2434531","2434531","IVA-ORNE-A Favor do Sujeito Passivo",0,"impostos",1,0,"base.main_company","243453","current","other"
"2434532","2434532","IVA-ORNE-A Favor do Estado",0,"impostos",1,0,"base.main_company","243453","current","other"
"24346","24346","IVA-Outras Regularizações",0,"vista",1,0,"base.main_company","2434","current","view"
"243461","243461","IVA-OR-Comunicação Mod. 1374",0,"impostos",1,0,"base.main_company","24346","current","other"
"243462","243462","IVA-OR-Reg.. nº 6 do Art. 71 CIVA",0,"impostos",1,0,"base.main_company","24346","current","other"
"2435","2435","IVA - Apuramento",0,"impostos",1,0,"base.main_company","243","current","other"
"2436","2436","IVA - A Pagar",0,"impostos",1,0,"base.main_company","243","current","other"
"2437","2437","IVA - A Recuperar",0,"impostos",1,0,"base.main_company","243","current","other"
"2438","2438","IVA - Reembolsos Pedidos",0,"impostos",1,0,"base.main_company","243","current","other"
"2439","2439","IVA - Liquidações Oficiosas",0,"vista",1,0,"base.main_company","243","current","view"
"24391","24391","IVA - LO- Recuperar-Emitidas p/SIVA",0,"impostos",1,0,"base.main_company","2439","current","other"
"24392","24392","IVA - LO-A Pagar-Emitidas p/SIVA",0,"impostos",1,0,"base.main_company","2439","current","other"
"244","244","Restantes Impostos",0,"vista",1,0,"base.main_company","24","current","view"
"2441","2441","Rest.Imp.-Contribuiçao Autarquica",0,"impostos",1,0,"base.main_company","244","current","other"
"245","245","Contribuição p/ Segurança Social",0,"vista",1,0,"base.main_company","24","current","view"
"2451","2451","Contrib. C.S.S.M",0,"impostos",1,0,"base.main_company","245","current","other"
"2452","2452","Contrib. S.S.",0,"impostos",1,0,"base.main_company","245","current","other"
"246","246","Tributos das Autarquias Locais",0,"impostos",1,0,"base.main_company","24","current","other"
"249","249","Outras Tributações",0,"impostos",1,0,"base.main_company","24","current","other"
"25","25","Accionistas (Socios)",0,"razao",1,0,"base.main_company","2","current","view"
"251","251","Estado e Outros Entes Públicos",0,"outras",1,0,"base.main_company","25","current","other"
"252","252","Empresas do Grupo",0,"outras",1,0,"base.main_company","25","current","other"
"253","253","Empresa Associadas",0,"outras",1,0,"base.main_company","25","current","other"
"254","254","O.Empr. participantes. e particip",0,"outras",1,0,"base.main_company","25","current","other"
"255","255","Restantes Accionistas (Sócios)",0,"vista",1,0,"base.main_company","25","current","view"
"2551","2551","Empréstimos",0,"outras",1,0,"base.main_company","255","current","other"
"2552","2552","Adiantamentos p/Conta de Lucros",0,"outras",1,0,"base.main_company","255","current","other"
"2553","2553","Resultados Atribuídos",0,"outras",1,0,"base.main_company","255","current","other"
"2554","2554","Lucros Disponíveis",0,"outras",1,0,"base.main_company","255","current","other"
"2559","2559","Outras Operações",0,"outras",1,0,"base.main_company","255","current","other"
"26","26","Outros Devedores e Credores",0,"razao",1,0,"base.main_company","2","current","view"
"261","261","Fornecedores de Imobilizado",0,"vista",1,0,"base.main_company","26","current","view"
"2611","2611","Fornec. de Imob.- c/c",0,"pagar",1,0,"base.main_company","261","current","payable"
"2612","2612","Fornec. de Imob.- Títulos a Pagar",0,"pagar",1,0,"base.main_company","261","current","payable"
"2619","2619","Adiantamentos a Fornec. Imob.",0,"outras",1,0,"base.main_company","261","current","other"
"262","262","Pessoal",0,"vista",1,0,"base.main_company","26","current","view"
"2621","2621","Remunerações a Orgãos Sociais",0,"outras",1,0,"base.main_company","262","current","other"
"2622","2622","Remunerações a Pagar ao Pessoal",0,"outras",1,0,"base.main_company","262","current","other"
"2623","2623","Adiantamentos aos Orgãos Sociais",0,"outras",1,0,"base.main_company","262","current","other"
"2624","2624","Adiantamentos ao Pessoal",0,"outras",1,0,"base.main_company","262","current","other"
"2625","2625","Cauções dos Orgãos Sociais",0,"outras",1,0,"base.main_company","262","current","other"
"2626","2626","Cauções do Pessoal",0,"outras",1,0,"base.main_company","262","current","other"
"2628","2628","Outras Operações c/Orgãos Sociais",0,"outras",1,0,"base.main_company","262","current","other"
"2629","2629","Outras Operações com o Pessoal",0,"outras",1,0,"base.main_company","262","current","other"
"263","263","Sindicatos",0,"outras",1,0,"base.main_company","26","current","other"
"264","264","Subscritores de Capital",0,"vista",1,0,"base.main_company","26","current","view"
"2641","2641","Entidades Públicas",0,"outras",1,0,"base.main_company","264","current","other"
"2642","2642","Entidades Privadas",0,"vista",1,0,"base.main_company","264","current","view"
"2649","2649","Outras Entidades",0,"outras",1,0,"base.main_company","264","current","other"
"265","265","Credores por Subscrições não Liber",0,"outras",1,0,"base.main_company","26","current","other"
"266","266","Obrigacionistas",0,"outras",1,0,"base.main_company","26","current","other"
"267","267","Consultores, Assessores e Interm.",0,"vista",1,0,"base.main_company","26","current","view"
"268","268","Devedores e Credores Diversos",0,"vista",1,0,"base.main_company","26","current","view"
"2681","2681","Devedores diversos",0,"vista",1,0,"base.main_company","268","current","view"
"2682","2682","Credores diversos",0,"vista",1,0,"base.main_company","268","current","view"
"269","269","Adiantamentos por Conta de Vendas",0,"outras",1,0,"base.main_company","26","current","other"
"27","27","Acréscimos e Diferimentos",0,"razao",1,0,"base.main_company","2","current","view"
"271","271","Acréscimos de Proveitos",0,"vista",1,0,"base.main_company","27","current","view"
"2711","2711","Juros a Receber",0,"especializacao",1,0,"base.main_company","271","current","other"
"2719","2719","Outros Acréscimos de Proveitos",0,"especializacao",1,0,"base.main_company","271","current","other"
"272","272","Custos Diferidos",0,"vista",1,0,"base.main_company","27","current","view"
"2722","2722","Seguros exerc futuros",0,"especializacao",1,0,"base.main_company","272","current","other"
"2728","2728","Diferenças Câmbio Desfavoráveis",0,"vista",1,0,"base.main_company","272","current","view"
"27281","27281","Relac. c/Financ. do Imob. Curso",0,"especializacao",1,0,"base.main_company","2728","current","other"
"27282","27282","Outras",0,"especializacao",1,0,"base.main_company","2728","current","other"
"2729","2729","Outros Custos Diferidos",0,"vista",1,0,"base.main_company","272","current","view"
"27291","27291","OCDif-Agua Electrici.Telefone",0,"especializacao",1,0,"base.main_company","2729","current","other"
"27292","27292","OCDif-Encargos Ferias",0,"especializacao",1,0,"base.main_company","2729","current","other"
"27293","27293","OCDif-Diario/Jornal",0,"especializacao",1,0,"base.main_company","2729","current","other"
"273","273","Acréscimos de Custos",0,"vista",1,0,"base.main_company","27","current","view"
"2731","2731","Seguros a Liquidar",0,"especializacao",1,0,"base.main_company","273","current","other"
"2732","2732","Remunerações a Liquidar",0,"especializacao",1,0,"base.main_company","273","current","other"
"2733","2733","Juros a Liquidar",0,"especializacao",1,0,"base.main_company","273","current","other"
"2739","2739","Outros Acréscimos de Custos",0,"especializacao",1,0,"base.main_company","273","current","other"
"274","274","Proveitos Diferidos",0,"vista",1,0,"base.main_company","27","current","view"
"2745","2745","Subsídios para Investimentos",0,"especializacao",1,0,"base.main_company","274","current","other"
"2748","2748","Diferenças Câmbio Favoráveis",0,"vista",1,0,"base.main_company","274","current","view"
"27481","27481","Relac. c/Financ. Imob. em Curso",0,"especializacao",1,0,"base.main_company","2748","current","other"
"27482","27482","Outras",0,"especializacao",1,0,"base.main_company","2748","current","other"
"2749","2749","Outros Proveitos Diferidos",0,"especializacao",1,0,"base.main_company","274","current","other"
"28","28","Provisões para Cobranças Duvidosas",0,"razao",1,0,"base.main_company","2","current","view"
"281","281","Dividas de Clientes",0,"ajustamento",1,0,"base.main_company","28","current","other"
"288","288","Outras Dividas de Terceiros",0,"ajustamento",1,0,"base.main_company","28","current","other"
"29","29","Provisões para Riscos e Encargos",0,"razao",1,0,"base.main_company","2","current","view"
"291","291","Pensões",0,"ajustamento",1,0,"base.main_company","29","current","other"
"292","292","Impostos",0,"ajustamento",1,0,"base.main_company","29","current","other"
"293","293","Processos Judiciais em Curso",0,"ajustamento",1,0,"base.main_company","29","current","other"
"294","294","Acidentes Trabalho, Doenças Prof.",0,"ajustamento",1,0,"base.main_company","29","current","other"
"295","295","Garantias a Clientes",0,"ajustamento",1,0,"base.main_company","29","current","other"
"298","298","Outros Riscos e Encargos",0,"ajustamento",1,0,"base.main_company","29","current","other"
"31","31","Compras",0,"razao",1,0,"base.main_company","3","current","view"
"312","312","Compras-Mercadorias",0,"vista",1,0,"base.main_company","31","current","view"
"3121","3121","Compras-Merc-Madeira",0,"stock",1,0,"base.main_company","312","current","other"
"3122","3122","Compras-Merc-continente",0,"stock",1,0,"base.main_company","312","current","other"
"3123","3123","Compras-Merc-Outros Mercados",0,"stock",1,0,"base.main_company","312","current","other"
"316","316","Compras-Mat. Primas,Subsid.,Consumo",0,"vista",1,0,"base.main_company","31","current","view"
"3161","3161","Compras-Matérias Primas",0,"vista",1,0,"base.main_company","316","current","view"
"31611","31611","Compras-Mat.Prim.-Madeira",0,"stock",1,0,"base.main_company","3161","current","other"
"31612","31612","Compras-Mat.Prim.-Continente",0,"stock",1,0,"base.main_company","3161","current","other"
"31613","31613","Compras-Mat.Prim.-Outros Mercados",0,"stock",1,0,"base.main_company","3161","current","other"
"31614","31614","Compras-Mat.Prim.-Europa",0,"stock",1,0,"base.main_company","3161","current","other"
"31619","31619","Varios",0,"stock",1,0,"base.main_company","3161","current","other"
"3162","3162","Compras-Matérias Subsidiárias",0,"vista",1,0,"base.main_company","316","current","view"
"31621","31621","Compras-Mat.Sub.-Madeira",0,"stock",1,0,"base.main_company","3162","current","other"
"31622","31622","Compras-Mat.Sub.-Continente",0,"stock",1,0,"base.main_company","3162","current","other"
"31623","31623","Compras-Mat.Sub.-Outros Merc.",0,"stock",1,0,"base.main_company","3162","current","other"
"3163","3163","Compras-Materiais Diversos",0,"vista",1,0,"base.main_company","316","current","view"
"31631","31631","Compras-Mat.Div.-Madeira",0,"stock",1,0,"base.main_company","3163","current","other"
"31632","31632","Compras-Mat.Div.- Continente",0,"stock",1,0,"base.main_company","3163","current","other"
"3164","3164","Compras-Embalagens de Consumo",0,"vista",1,0,"base.main_company","316","current","view"
"31641","31641","Compras-Emb.Cons.-Madeira",0,"stock",1,0,"base.main_company","3164","current","other"
"317","317","Devoluções de Compras",0,"vista",1,0,"base.main_company","3164","current","view"
"3172","3172","Devoluções-Compras-Mercadorias",0,"vista",1,0,"base.main_company","317","current","view"
"31721","31721","Dev.-Comp-Merc.-Madeira",0,"stock",1,0,"base.main_company","3172","current","other"
"31722","31722","Dev.-Comp-Merc.-Continente",0,"stock",1,0,"base.main_company","3172","current","other"
"31723","31723","Dev.-Comp-Merc.-Outros Merc.",0,"stock",1,0,"base.main_company","3172","current","other"
"3176","3176","Devoluções-Mat-Primas,Subs.,Cons.",0,"vista",1,0,"base.main_company","317","current","view"
"31761","31761","Devoluções-Matérias Primas",0,"vista",1,0,"base.main_company","3176","current","view"
"317611","317611","Devoluções-Mat.Primas-Madeira",0,"stock",1,0,"base.main_company","31761","current","other"
"317612","317612","Devoluções-Mat.Primas-Continente",0,"stock",1,0,"base.main_company","31761","current","other"
"317613","317613","Devoluções-Mat.Primas-Outros Merc.",0,"stock",1,0,"base.main_company","31761","current","other"
"31762","31762","Devoluções-Matérias Subsidiárias",0,"vista",1,0,"base.main_company","3176","current","view"
"317621","317621","Devoluções-Mat.Sub-Madeira",0,"stock",1,0,"base.main_company","31762","current","other"
"317622","317622","Devoluções-Mat.Sub-Continente",0,"stock",1,0,"base.main_company","31762","current","other"
"317623","317623","Devoluções-Mat.Sub-Outros Mercados",0,"stock",1,0,"base.main_company","31762","current","other"
"31763","31763","Devoluçoes - Materiais Diversos",0,"vista",1,0,"base.main_company","3176","current","view"
"317631","317631","Devoluçoes - Mat.Diversos - Madeira",0,"stock",1,0,"base.main_company","31763","current","other"
"31764","31764","Devoluções-Embalagens",0,"vista",1,0,"base.main_company","3176","current","view"
"317641","317641","Devoluções-embalagens-Madeira",0,"stock",1,0,"base.main_company","31764","current","other"
"318","318","Descontos e Abatimentos em Compras",0,"vista",1,0,"base.main_company","31","current","view"
"3182","3182","Desc.Abat.Cmp-Mercadorias",0,"vista",1,0,"base.main_company","318","current","view"
"31821","31821","Desc.Abat.Cmp-Merc.-Madeira",0,"stock",1,0,"base.main_company","3182","current","other"
"31822","31822","Desc.Abat.Cmp-Merc.-Continente",0,"stock",1,0,"base.main_company","3182","current","other"
"31823","31823","Desc.Abat.Cmp-Merc.-Outros Mercados",0,"stock",1,0,"base.main_company","3182","current","other"
"3186","3186","Desc.Abat.C.-Mat.Primas,Subs.,Cons.",0,"vista",1,0,"base.main_company","318","current","view"
"31861","31861","Desc.Abat.Cmp.-Matérias Primas",0,"vista",1,0,"base.main_company","3186","current","view"
"318611","318611","Desc.Abat.Cmp.-Mat.Pri-Madeira",0,"stock",1,0,"base.main_company","31861","current","other"
"318612","318612","Desc.Abat.Cmp.-Mat.Pr-Continente",0,"stock",1,0,"base.main_company","31861","current","other"
"318613","318613","Desc.Abat.Cmp.-Mat.Pri-Outros Merc.",0,"stock",1,0,"base.main_company","31861","current","other"
"31862","31862","Desc.Abat.Cmp-Matérias Subsidiárias",0,"vista",1,0,"base.main_company","3186","current","view"
"318621","318621","Desc.Abat.Cmp-Mat.Sub-Madeira",0,"stock",1,0,"base.main_company","31862","current","other"
"318622","318622","Desc.Abat.Cmp-Mat.Sub-Continente",0,"stock",1,0,"base.main_company","31862","current","other"
"318623","318623","Desc.Abat.Cmp-Mat.Sub-Outros Merc.",0,"stock",1,0,"base.main_company","31862","current","other"
"32","32","Mercadorias",0,"razao",1,0,"base.main_company","3","current","view"
"324","324","Embalagens",0,"stock",1,0,"base.main_company","32","current","other"
"325","325","Mercadorias em Transito",0,"stock",1,0,"base.main_company","32","current","other"
"326","326","Mercadorias em Poder de Terceiros",0,"stock",1,0,"base.main_company","32","current","other"
"33","33","Produtos Acabados e Intermédios",0,"razao",1,0,"base.main_company","3","current","view"
"336","336","Produtos em Poder de Terceiros",0,"stock",1,0,"base.main_company","33","current","other"
"34","34","Subprod., desperd., resíduos, refug",0,"razao",1,0,"base.main_company","3","current","view"
"341","341","Subprodutos",0,"stock",1,0,"base.main_company","34","current","other"
"348","348","Desperdícios, Resíduos e Refugos",0,"stock",1,0,"base.main_company","34","current","other"
"35","35","Produtos e Trabalhos em Curso",0,"razao",1,0,"base.main_company","3","current","view"
"36","36","Matérias-Primas, Subs. e de Consumo",0,"razao",1,0,"base.main_company","3","current","view"
"361","361","Matérias-Primas",0,"stock",1,0,"base.main_company","36","current","other"
"362","362","Matérias Subsidiárias",0,"stock",1,0,"base.main_company","36","current","other"
"363","363","Materias Diversos",0,"stock",1,0,"base.main_company","36","current","other"
"364","364","Embalagens de Consumo",0,"stock",1,0,"base.main_company","36","current","other"
"365","365","Matérias e Materias em Trânsito",0,"stock",1,0,"base.main_company","36","current","other"
"37","37","Adiantamentos por Conta de Compras",0,"razao",1,0,"base.main_company","3","current","view"
"372","372","Ad. p/Cmp-Mercadorias",0,"stock",1,0,"base.main_company","37","current","other"
"376","376","Ad. p/Cmp-Mat.-Primas, Subs., Cons.",0,"stock",1,0,"base.main_company","37","current","other"
"38","38","Regularizações de Existências",0,"razao",1,0,"base.main_company","3","current","view"
"382","382","Reg.Exist.-Mercadorias",0,"stock",1,0,"base.main_company","38","current","other"
"383","383","Reg.Exist-Prod. Acab. e Intermédios",0,"stock",1,0,"base.main_company","38","current","other"
"384","384","Reg.Exist-Subp., Desp., Res,.Ref.",0,"stock",1,0,"base.main_company","38","current","other"
"385","385","Reg.Exist-Prod. e Trab. em Curso",0,"stock",1,0,"base.main_company","38","current","other"
"386","386","Reg.Exist-Mat.-Primas, Subs., Cons.",0,"stock",1,0,"base.main_company","38","current","other"
"39","39","Provisões p/Depreciação Existências",0,"razao",1,0,"base.main_company","3","current","view"
"392","392","Prov.p/Deprec.-Mercadorias",0,"stock",1,0,"base.main_company","39","current","other"
"393","393","Prov.p/Deprec-Prod. Acab. e Interm.",0,"stock",1,0,"base.main_company","39","current","other"
"394","394","Prov.p/Depr-Subp, Desp., Res.,Ref.",0,"stock",1,0,"base.main_company","39","current","other"
"395","395","Prov.p/Depre-Prod. e Trab. em Curso",0,"stock",1,0,"base.main_company","39","current","other"
"396","396","Prov.p/Dep-Mat.-Primas,Subs., Cons.",0,"stock",1,0,"base.main_company","39","current","other"
"41","41","Investimentos Financeiros",0,"razao",1,0,"base.main_company","4","current","view"
"411","411","Partes de Capital",0,"imobilizado",1,0,"base.main_company","41","current","other"
"412","412","Obrigações Títulos de Particip.",0,"imobilizado",1,0,"base.main_company","41","current","other"
"413","413","Empréstimos de Financiamento",0,"imobilizado",1,0,"base.main_company","41","current","other"
"414","414","Investimentos em Imóveis",0,"vista",1,0,"base.main_company","41","current","view"
"4141","4141","Terrenos Recursos Naturais",0,"imobilizado",1,0,"base.main_company","414","current","other"
"4142","4142","Edif. e Outras Construções",0,"imobilizado",1,0,"base.main_company","414","current","other"
"415","415","Outras Aplicações Financeiras",0,"vista",1,0,"base.main_company","41","current","view"
"4151","4151","Depósitos Bancários",0,"imobilizado",1,0,"base.main_company","415","current","other"
"4152","4152","Títulos da Dívida Pública",0,"imobilizado",1,0,"base.main_company","415","current","other"
"4153","4153","Outros Títulos",0,"imobilizado",1,0,"base.main_company","415","current","other"
"4154","4154","Fundos",0,"imobilizado",1,0,"base.main_company","415","current","other"
"42","42","Imobilizações Corpóreas",0,"razao",1,0,"base.main_company","4","current","view"
"421","421","Terrenos e Recursos Naturais",0,"imobilizado",1,0,"base.main_company","42","current","other"
"422","422","Edifícios e Outras Construções",0,"imobilizado",1,0,"base.main_company","42","current","other"
"423","423","Equipamento Básico",0,"imobilizado",1,0,"base.main_company","42","current","other"
"424","424","Equipamento de Transporte",0,"imobilizado",1,0,"base.main_company","42","current","other"
"425","425","Ferramentas e Utensílios",0,"imobilizado",1,0,"base.main_company","42","current","other"
"426","426","Equipamento Administrativo",0,"imobilizado",1,0,"base.main_company","42","current","other"
"427","427","Taras e Vasilhame",0,"vista",1,0,"base.main_company","42","current","view"
"4271","4271","Embalagens Retornáveis",0,"imobilizado",1,0,"base.main_company","427","current","other"
"4279","4279","Outras Taras e Outro Vasilhame",0,"imobilizado",1,0,"base.main_company","427","current","other"
"429","429","Outras Imobilizações Corpóreas",0,"imobilizado",1,0,"base.main_company","42","current","other"
"43","43","Imobilizações Incorpóreas",0,"razao",1,0,"base.main_company","4","current","view"
"431","431","Despesas de Instalação",0,"imobilizado",1,0,"base.main_company","43","current","other"
"432","432","Despesas de Investig. e Desenvolv.",0,"imobilizado",1,0,"base.main_company","43","current","other"
"433","433","Propriedade Industrial e Out. Dir.",0,"imobilizado",1,0,"base.main_company","43","current","other"
"434","434","Trespasses",0,"imobilizado",1,0,"base.main_company","43","current","other"
"44","44","Imobilizações em Curso",0,"razao",1,0,"base.main_company","4","current","view"
"441","441","Obras em Curso A",0,"imobilizado",1,0,"base.main_company","44","current","other"
"442","442","Obras em Curso B",0,"imobilizado",1,0,"base.main_company","44","current","other"
"447","447","Adiant. p/Conta Invest. Financ.",0,"imobilizado",1,0,"base.main_company","44","current","other"
"448","448","Adiant. p/Conta Imob. Corpóreas",0,"imobilizado",1,0,"base.main_company","44","current","other"
"449","449","Adiant. p/Conta Imob. Incorpóreas",0,"imobilizado",1,0,"base.main_company","44","current","other"
"45","45","Imobilizações Corpóreas - Leasing",0,"razao",1,0,"base.main_company","4","current","view"
"48","48","Amortizações Acumuladas",0,"razao",1,0,"base.main_company","4","current","view"
"481","481","De Investimentos em Imóveis",0,"vista",1,0,"base.main_company","48","current","view"
"4811","4811","Terrenos e Recursos Naturais",0,"ajustamento",1,0,"base.main_company","481","current","other"
"4812","4812","Edifícios e Outras Construções",0,"ajustamento",1,0,"base.main_company","481","current","other"
"482","482","De Imobilizações Corpóreas",0,"vista",1,0,"base.main_company","48","current","view"
"4821","4821","Terrenos e Recursos Naturais",0,"ajustamento",1,0,"base.main_company","482","current","other"
"4822","4822","Edifícios e Outras Construções",0,"ajustamento",1,0,"base.main_company","482","current","other"
"4823","4823","Equipamento Básico",0,"ajustamento",1,0,"base.main_company","482","current","other"
"4824","4824","Equipamento de Transporte",0,"ajustamento",1,0,"base.main_company","482","current","other"
"4825","4825","Ferramentas e Utensílios",0,"ajustamento",1,0,"base.main_company","482","current","other"
"4826","4826","Equipamento Administrativo",0,"ajustamento",1,0,"base.main_company","482","current","other"
"4827","4827","Taras e Vasilhame",0,"ajustamento",1,0,"base.main_company","482","current","other"
"4829","4829","Outras Imobilizações Corpóreas",0,"ajustamento",1,0,"base.main_company","482","current","other"
"483","483","De Imobilizações Incorpóreas",0,"vista",1,0,"base.main_company","48","current","view"
"4831","4831","Despesas de Instalação",0,"ajustamento",1,0,"base.main_company","483","current","other"
"4832","4832","Despesas de Invest. e Desenv.",0,"ajustamento",1,0,"base.main_company","483","current","other"
"4833","4833","Propriedade Industr. e Out. Dir.",0,"ajustamento",1,0,"base.main_company","483","current","other"
"4834","4834","Trespasses",0,"ajustamento",1,0,"base.main_company","483","current","other"
"485","485","De Imobilizações Corp. - Leasing",0,"ajustamento",1,0,"base.main_company","48","current","other"
"49","49","Provisões p/Investimentos Financ.",0,"razao",1,0,"base.main_company","4","current","view"
"491","491","Partes de Capital",0,"ajustamento",1,0,"base.main_company","49","current","other"
"492","492","Obrigações e Títulos de Particip.",0,"ajustamento",1,0,"base.main_company","49","current","other"
"493","493","Empréstimos de Financiamento",0,"ajustamento",1,0,"base.main_company","49","current","other"
"495","495","Outras Aplicações Financeiras",0,"ajustamento",1,0,"base.main_company","49","current","other"
"51","51","Capital",0,"razao",1,0,"base.main_company","5","current","view"
"511","511","Capital",0,"capital",1,0,"base.main_company","51","current","other"
"52","52","Acções (quotas) Próprias",0,"razao",1,0,"base.main_company","5","current","view"
"53","53","Prestações Suplementares",0,"razao",1,0,"base.main_company","5","current","view"
"531","531","Prestações Suplementares",0,"capital",1,0,"base.main_company","53","current","other"
"54","54","Prémios de Emissão de Acções",0,"razao",1,0,"base.main_company","5","current","view"
"55","55","Ajust. Partes Cap. em Filiais e Ass",0,"razao",1,0,"base.main_company","5","current","view"
"56","56","Reservas de Reavaliação",0,"razao",1,0,"base.main_company","5","current","view"
"561","561","Dec. Lei nº",0,"capital",1,0,"base.main_company","56","current","other"
"562","562","Dec. Lei nº",0,"capital",1,0,"base.main_company","56","current","other"
"57","57","Reservas",0,"razao",1,0,"base.main_company","5","current","view"
"571","571","Reservas Legais",0,"capital",1,0,"base.main_company","57","current","other"
"572","572","Reservas Estatutárias",0,"capital",1,0,"base.main_company","57","current","other"
"574","574","Reservas Livres",0,"capital",1,0,"base.main_company","57","current","other"
"575","575","Subsídios",0,"capital",1,0,"base.main_company","57","current","other"
"59","59","Resultados Transitados",0,"razao",1,0,"base.main_company","5","current","view"
"591","591","Resultados Transitados",0,"capital",1,0,"base.main_company","59","current","other"
"61","61","Custo das Merc. Vend. e Mat. Cons.",0,"razao",1,0,"base.main_company","6","current","view"
"612","612","Custo-Mercadorias",0,"custos",1,0,"base.main_company","61","current","other"
"616","616","Custo-Mat.Prima, Subs. e de Consumo",0,"custos",1,0,"base.main_company","61","current","other"
"62","62","Fornecimentos e Serviços Externos",0,"razao",1,0,"base.main_company","6","current","view"
"621","621","Subcontratos",0,"vista",1,0,"base.main_company","62","current","view"
"6211","6211","Subcontratos - C.Civil",0,"custos",1,0,"base.main_company","621","current","other"
"6212","6212","Subcontratos - Outros",0,"custos",1,0,"base.main_company","621","current","other"
"622","622","Fornecimentos e Serviços",0,"vista",1,0,"base.main_company","62","current","view"
"62211","62211","Electricidade",0,"custos",1,0,"base.main_company","622","current","other"
"62212","62212","Combustíveis",0,"vista",1,0,"base.main_company","622","current","view"
"622121","622121","Comb.Sujeitos T.A.-Art.81º-CIRC",0,"vista",1,0,"base.main_company","62212","current","view"
"6221211","6221211","Comb.Suj.TA-Gasolina",0,"vista",1,0,"base.main_company","622121","current","view"
"62212111","62212111","C.suj.TA-Gasolina-Base Tributavel",0,"custos",1,0,"base.main_company","6221211","current","other"
"62212112","62212112","C.suj.TA-Gasolina-IVA n/ded.(100%)",0,"custos",1,0,"base.main_company","6221211","current","other"
"6221212","6221212","C.suj.TA-Gasoleo /GPL(50% IVA ded.)",0,"vista",1,0,"base.main_company","622121","current","view"
"62212121","62212121","C.suj.TA-Gasoleo -Base Tributavel",0,"custos",1,0,"base.main_company","6221212","current","other"
"62212122","62212122","C.suj.TA-Gasoleo -IVA n/ded.(50%)",0,"custos",1,0,"base.main_company","6221212","current","other"
"622122","622122","Comb.N/Suj.Trib.Autonoma",0,"vista",1,0,"base.main_company","62212","current","view"
"6221221","6221221","C.n/suj.TA-Gasolina",0,"custos",1,0,"base.main_company","622122","current","other"
"6221222","6221222","C.n/suj.-Gasoleo/GPL (50% IVA ded.)",0,"vista",1,0,"base.main_company","622122","current","view"
"62212221","62212221","C.n/suj.TA-Gasoleo-Base Tributavel",0,"custos",1,0,"base.main_company","6221222","current","other"
"62212222","62212222","C.n/suj.TA-Gasoleo-IVA n/ded.(50%)",0,"custos",1,0,"base.main_company","6221222","current","other"
"622123","622123","Comb.Para pesados de mercadorias",0,"vista",1,0,"base.main_company","62212","current","view"
"6221231","6221231","Pes.M/P, Maquin-Gasole-IVA Tot.Dedu",0,"custos",1,0,"base.main_company","622123","current","other"
"62213","62213","Água",0,"custos",1,0,"base.main_company","622","current","other"
"62214","62214","Outros Fluídos",0,"custos",1,0,"base.main_company","622","current","other"
"62215","62215","Ferr. e Utensílios Desg. Rápido",0,"custos",1,0,"base.main_company","622","current","other"
"62216","62216","Livros e Documentação Técnica",0,"custos",1,0,"base.main_company","622","current","other"
"62217","62217","Material de Escritorio",0,"custos",1,0,"base.main_company","622","current","other"
"62218","62218","Artigos para Oferta",0,"vista",1,0,"base.main_company","622","current","view"
"6221801","6221801","Artigos para Oferta-base trib",0,"custos",1,0,"base.main_company","62218","current","other"
"6221802","6221802","Artigos oferta - Iva n dedutivel",0,"custos",1,0,"base.main_company","62218","current","other"
"62219","62219","Rendas e Alugueres",0,"vista",1,0,"base.main_company","622","current","view"
"622191","622191","Aluguer Viat. s/Cond. Art. 41º",0,"custos",1,0,"base.main_company","62219","current","other"
"622192","622192","Aluguer Viat. s/Cond. - Outras",0,"custos",1,0,"base.main_company","62219","current","other"
"622193","622193","Outros alugueres",0,"custos",1,0,"base.main_company","62219","current","other"
"622194","622194","Rendas",0,"custos",1,0,"base.main_company","62219","current","other"
"62221","62221","Despesas de Representacao",0,"vista",1,0,"base.main_company","622","current","view"
"622211","622211","Despesas de Representacao Base",0,"custos",1,0,"base.main_company","62221","current","other"
"622212","622212","Despesas de Representacao IVA",0,"custos",1,0,"base.main_company","62221","current","other"
"62222","62222","Comunicação",0,"vista",1,0,"base.main_company","622","current","view"
"622221","622221","Comunicação-Isentas",0,"custos",1,0,"base.main_company","62222","current","other"
"622222","622222","Comunicação-c/Direito a dedução",0,"custos",1,0,"base.main_company","62222","current","other"
"622223","622223","Comunicação-s/Direito a dedução",0,"custos",1,0,"base.main_company","62222","current","other"
"62223","62223","Seguros excpt. Acid Trabalho",0,"vista",1,0,"base.main_company","622","current","view"
"622231","622231","Seguro - Automovel-Outras Viaturas",0,"custos",1,0,"base.main_company","62223","current","other"
"622232","622232","Seguros - Equipamentos",0,"custos",1,0,"base.main_company","62223","current","other"
"622233","622233","Seguro - Edificios",0,"custos",1,0,"base.main_company","62223","current","other"
"622234","622234","Seguro-Viaturas sujeitas TA",0,"custos",1,0,"base.main_company","62223","current","other"
"622235","622235","Seguro - Responsab.Civil",0,"custos",1,0,"base.main_company","62223","current","other"
"622236","622236","Seguro - Locação Fianceira",0,"custos",1,0,"base.main_company","62223","current","other"
"622239","622239","N/aceite c/custo fiscal(art.23 nº4)",0,"custos",1,0,"base.main_company","62223","current","other"
"62225","62225","Transportes de Mercadorias",0,"custos",1,0,"base.main_company","622","current","other"
"62226","62226","Transportes de Pessoal",0,"custos",1,0,"base.main_company","622","current","other"
"62227","62227","Deslocacoes e Estadas",0,"custos",1,0,"base.main_company","622","current","other"
"62228","62228","Comissões",0,"vista",1,0,"base.main_company","622","current","view"
"622281","622281","Comissões-c/Iva dedutível",0,"custos",1,0,"base.main_company","62228","current","other"
"622282","622282","Comissões-a não resid. pess. sing.",0,"custos",1,0,"base.main_company","62228","current","other"
"622283","622283","Comissões-a não resid. pess. colec.",0,"custos",1,0,"base.main_company","62228","current","other"
"62229","62229","Honorários",0,"vista",1,0,"base.main_company","622","current","view"
"622291","622291","Honorários-c/Iva dedutível",0,"custos",1,0,"base.main_company","62229","current","other"
"62231","62231","Contencioso e Notariado",0,"custos",1,0,"base.main_company","622","current","other"
"62232","62232","Conservacao e Reparação",0,"vista",1,0,"base.main_company","622","current","view"
"622322","622322","Conservação-c/Iva dedutível",0,"custos",1,0,"base.main_company","62232","current","other"
"622323","622323","Conservação-N/Ded. Art.21º TA",0,"vista",1,0,"base.main_company","62232","current","view"
"6223231","6223231","Conse N/Ded. TA base tributavel",0,"custos",1,0,"base.main_company","622323","current","other"
"6223232","6223232","Conse N/Ded. TA IVA não dedutivel",0,"custos",1,0,"base.main_company","622323","current","other"
"62233","62233","Publicidade e Propaganda",0,"custos",1,0,"base.main_company","622","current","other"
"62234","62234","Limpeza Higiene e Conforto",0,"custos",1,0,"base.main_company","622","current","other"
"62235","62235","Vigilância e Segurança",0,"custos",1,0,"base.main_company","622","current","other"
"62236","62236","Trabalhos Especializados",0,"custos",1,0,"base.main_company","622","current","other"
"62298","62298","Outros Fornecimentos e Serviços",0,"custos",1,0,"base.main_company","622","current","other"
"62299","62299","Varios",0,"custos",1,0,"base.main_company","622","current","other"
"63","63","Impostos",0,"razao",1,0,"base.main_company","6","current","view"
"631","631","Impostos Indirectos",0,"vista",1,0,"base.main_company","63","current","view"
"6311","6311","Direitos Aduaneiros",0,"custos",1,0,"base.main_company","631","current","other"
"6312","6312","Imposto s/ o Valor Acrescentado",0,"vista",1,0,"base.main_company","631","current","view"
"63121","63121","IVA n ded Loc fin amor cap lig pass",0,"custos",1,0,"base.main_company","6312","current","other"
"63129","63129","IVA n ded outros",0,"custos",1,0,"base.main_company","6312","current","other"
"6313","6313","Imposto do Selo",0,"vista",1,0,"base.main_company","631","current","view"
"631304","631304","Cheques",0,"custos",1,0,"base.main_company","6313","current","other"
"631308","631308","IS-V.08 TGIS-Escrit.Quaiq.Contratos",0,"custos",1,0,"base.main_company","6313","current","other"
"63131","63131","Imp Selo- Outros",0,"vista",1,0,"base.main_company","6313","current","view"
"631317","631317","Operações Financeiras",0,"vista",1,0,"base.main_company","63131","current","view"
"6313171","6313171","Operações de crédito",0,"vista",1,0,"base.main_company","631317","current","view"
"63131711","63131711","Credito prazo menor 1 ano 17.1.1",0,"custos",1,0,"base.main_company","6313171","current","other"
"63131712","63131712","Credito Prazo Igual/Sup.1 ano17.1.2",0,"custos",1,0,"base.main_company","6313171","current","other"
"63131713","63131713","Credito prazo maior 5 anos 17.1.3",0,"custos",1,0,"base.main_company","6313171","current","other"
"63131714","63131714","Credito prazo nao determinad 17.1.4",0,"custos",1,0,"base.main_company","6313171","current","other"
"6313172","6313172","IS Juros ou Comissoes",0,"vista",1,0,"base.main_company","631317","current","view"
"63131721","63131721","IS Juros  - 17.2.1",0,"custos",1,0,"base.main_company","6313172","current","other"
"63131723","63131723","IS Comissoes por garantias - 17.2.3",0,"custos",1,0,"base.main_company","6313172","current","other"
"63131724","63131724","IS outras comissoes - 17.2.4",0,"custos",1,0,"base.main_company","6313172","current","other"
"63132","63132","Imp.Selo-Titulos de Credito",0,"vista",1,0,"base.main_company","6313","current","view"
"631323","631323","Imp.Selo-Titulos de Credito",0,"vista",1,0,"base.main_company","63132","current","view"
"6313231","6313231","Imp.Selo-Titul.Credito-Letras",0,"custos",1,0,"base.main_company","631323","current","other"
"6313232","6313232","Imp.Selo-Titul.Credito-Livranças",0,"custos",1,0,"base.main_company","631323","current","other"
"6314","6314","Impostos s/Transportes Rodoviário",0,"vista",1,0,"base.main_company","631","current","view"
"63141","63141","Imp. s/Transp.Rodov.-Viat.N/suj.TA",0,"custos",1,0,"base.main_company","6314","current","other"
"63142","63142","Imp. s/Transp.Rodov.-Viat.suj.TA",0,"custos",1,0,"base.main_company","6314","current","other"
"6317","6317","Taxas",0,"vista",1,0,"base.main_company","631","current","view"
"63171","63171","Taxas autarquias locais",0,"custos",1,0,"base.main_company","6317","current","other"
"63172","63172","Taxas Tribunais",0,"custos",1,0,"base.main_company","6317","current","other"
"6318","6318","Outros Impostos Indirectos",0,"custos",1,0,"base.main_company","631","current","other"
"632","632","Impostos Directos",0,"vista",1,0,"base.main_company","63","current","view"
"6321","6321","Imp.Directos-Contribuiçao Autarquic",0,"custos",1,0,"base.main_company","632","current","other"
"64","64","Custos com o Pessoal",0,"razao",1,0,"base.main_company","6","current","view"
"641","641","Remunerações dos Orgãos Sociais",0,"vista",1,0,"base.main_company","64","current","view"
"6411","6411","Rem. Orgãos Sociais - Vencimentos",0,"vista",1,0,"base.main_company","641","current","view"
"64111","64111","Rem.O.S.- Vencimentos-Venc.Base",0,"custos",1,0,"base.main_company","6411","current","other"
"6412","6412","Rem. Orgãos Sociais - Suplementos",0,"vista",1,0,"base.main_company","641","current","view"
"64121","64121","Rem.O.S.-Suplem.-Sub.Refeição",0,"custos",1,0,"base.main_company","6412","current","other"
"64122","64122","Rem.O.S.-Suplem.-Ajudas de Custo",0,"custos",1,0,"base.main_company","6412","current","other"
"642","642","Remunerações do Pessoal",0,"vista",1,0,"base.main_company","64","current","view"
"6421","6421","Rem.Pessoal - Vencimentos",0,"vista",1,0,"base.main_company","642","current","view"
"64211","64211","Rem.Pes.-Vencimentos-Vencim.Base",0,"custos",1,0,"base.main_company","6421","current","other"
"64212","64212","Rem.Pes.-Vencim.-Subsídio de Férias",0,"custos",1,0,"base.main_company","6421","current","other"
"64213","64213","Rem.Pes.-Vencim.-Subsídio de Natal",0,"custos",1,0,"base.main_company","6421","current","other"
"64218","64218","Rem.Pes.-Vencim.-Indem.fim Contrato",0,"custos",1,0,"base.main_company","6421","current","other"
"6422","6422","Pessoal - Suplementos",0,"vista",1,0,"base.main_company","642","current","view"
"64221","64221","Pessoal - Subsídio de refeição",0,"custos",1,0,"base.main_company","6422","current","other"
"64222","64222","Pesssoal- Ajudas de Custo",0,"custos",1,0,"base.main_company","6422","current","other"
"64223","64223","Pessoal-Abono para falhas",0,"custos",1,0,"base.main_company","6422","current","other"
"643","643","Pensões",0,"vista",1,0,"base.main_company","64","current","view"
"6431","6431","Pensões-Orgãos Sociais",0,"custos",1,0,"base.main_company","643","current","other"
"6432","6432","Pensões-Pessoal - Sector Produção",0,"custos",1,0,"base.main_company","643","current","other"
"6433","6433","Pensões-Pessoal - Outros Sectores",0,"custos",1,0,"base.main_company","643","current","other"
"644","644","Prémios p/Pensões",0,"vista",1,0,"base.main_company","64","current","view"
"6441","6441","Prémios p/Pensões-Orgãos Sociais",0,"custos",1,0,"base.main_company","644","current","other"
"6442","6442","Prémios p/Pensões-Pess.-Sect. Prod.",0,"custos",1,0,"base.main_company","644","current","other"
"6443","6443","Prémios p/Pensões-Pess.-Out. Sect.",0,"custos",1,0,"base.main_company","644","current","other"
"645","645","Encargos sobre Remunerações",0,"vista",1,0,"base.main_company","64","current","view"
"6451","6451","Enc. s/Rem.-Orgãos Sociais",0,"custos",1,0,"base.main_company","645","current","other"
"6452","6452","Enc. s/Rem.-Pessoal",0,"custos",1,0,"base.main_company","645","current","other"
"646","646","Seg. Acid. Trab. e Doenças Prof.",0,"vista",1,0,"base.main_company","64","current","view"
"6461","6461","Seg.Ac.Trb-Orgãos Sociais",0,"custos",1,0,"base.main_company","646","current","other"
"6462","6462","Seg.Ac.Trb-Pessoal",0,"custos",1,0,"base.main_company","646","current","other"
"647","647","Custos de Acção Social",0,"vista",1,0,"base.main_company","64","current","view"
"6472","6472","CAS-Pessoal - Sector de Produção",0,"custos",1,0,"base.main_company","647","current","other"
"6473","6473","CAS-Pessoal - Outros Sectores",0,"custos",1,0,"base.main_company","647","current","other"
"648","648","Outros Custos c/Pessoal",0,"vista",1,0,"base.main_company","64","current","view"
"6481","6481","OCP-Orgãos Sociais",0,"custos",1,0,"base.main_company","648","current","other"
"6482","6482","OCP- Sector de Produção",0,"custos",1,0,"base.main_company","648","current","other"
"6483","6483","OCP- Outros Sectores",0,"custos",1,0,"base.main_company","648","current","other"
"65","65","Outros Custos e Perdas Operacionais",0,"razao",1,0,"base.main_company","6","current","view"
"651","651","Despesas c/Propriedade Industrial",0,"custos",1,0,"base.main_company","65","current","other"
"652","652","Quotizações",0,"vista",1,0,"base.main_company","65","current","view"
"6521","6521","Quotizações-ACIM",0,"custos",1,0,"base.main_company","652","current","other"
"653","653","Despesas Confidênciais",0,"custos",1,0,"base.main_company","652","current","other"
"654","654","Ofertas e Amostras de Existências",0,"custos",1,0,"base.main_company","652","current","other"
"66","66","Amortizações do Exercício",0,"razao",1,0,"base.main_company","6","current","view"
"662","662","Amort-Imobilizações Corpóreas",0,"vista",1,0,"base.main_company","66","current","view"
"6621","6621","Amort-Terrenos e Recursos Naturais",0,"custos",1,0,"base.main_company","662","current","other"
"6622","6622","Amort-Edifícios Outras Construções",0,"custos",1,0,"base.main_company","662","current","other"
"6623","6623","Amort-Equipamento Básico",0,"custos",1,0,"base.main_company","662","current","other"
"6624","6624","Amort-Equipamento de Transporte",0,"custos",1,0,"base.main_company","662","current","other"
"6625","6625","Amort-Ferramentas e Utensílios",0,"custos",1,0,"base.main_company","662","current","other"
"6626","6626","Amort-Equipamento Administrativo",0,"custos",1,0,"base.main_company","662","current","other"
"6627","6627","Amort-Taras e Vasilhame",0,"custos",1,0,"base.main_company","662","current","other"
"6628","6628","Amort-Outras Imob. Corpóreas",0,"custos",1,0,"base.main_company","662","current","other"
"663","663","Amort-Imobilizações Incorpóreas",0,"vista",1,0,"base.main_company","66","current","view"
"6631","6631","Amort-Despesas de Instalação",0,"custos",1,0,"base.main_company","663","current","other"
"6632","6632","Amort-Desp. Investigação e Desenv.",0,"custos",1,0,"base.main_company","663","current","other"
"6633","6633","Amort-Prop. Indust. e Outros Dir.",0,"custos",1,0,"base.main_company","663","current","other"
"6634","6634","Amort-Trespasses",0,"custos",1,0,"base.main_company","663","current","other"
"67","67","Provisões do Exercício",0,"razao",1,0,"base.main_company","6","current","view"
"68","68","Custos e Perdas Financeiras",0,"razao",1,0,"base.main_company","6","current","view"
"681","681","Juros Suportados",0,"vista",1,0,"base.main_company","68","current","view"
"6811","6811","Empréstimos Bancários",0,"custos",1,0,"base.main_company","681","current","other"
"6814","6814","Encargos com Descontos",0,"custos",1,0,"base.main_company","681","current","other"
"6815","6815","Juros de Mora e Compensatorios",0,"custos",1,0,"base.main_company","681","current","other"
"6817","6817","Locação Financeira",0,"vista",1,0,"base.main_company","681","current","view"
"68171","68171","Juros Loc Fina TA",0,"vista",1,0,"base.main_company","6817","current","view"
"681711","681711","Juros Loc Fina TA Base Trib",0,"custos",1,0,"base.main_company","68171","current","other"
"681712","681712","Juros Loc Fina TA IVA n ded",0,"custos",1,0,"base.main_company","68171","current","other"
"68172","68172","Juros Loc Fina nao TA",0,"custos",1,0,"base.main_company","6817","current","other"
"6818","6818","Outros Juros",0,"vista",1,0,"base.main_company","681","current","view"
"68181","68181","Outros Juros-Acordos",0,"custos",1,0,"base.main_company","6818","current","other"
"68182","68182","Outros Juros-mora",0,"custos",1,0,"base.main_company","6818","current","other"
"68189","68189","Outros Juros",0,"custos",1,0,"base.main_company","6818","current","other"
"683","683","Amortizações de Invest. em Imovéis",0,"vista",1,0,"base.main_company","68","current","view"
"6831","6831","Terrenos e Recursos Naturais",0,"custos",1,0,"base.main_company","683","current","other"
"6832","6832","Edifícios e Outras Construções",0,"custos",1,0,"base.main_company","683","current","other"
"685","685","Diferenças de Câmbio Favoráveis",0,"custos",1,0,"base.main_company","68","current","other"
"686","686","Descontos P. Pagamento Concedidos",0,"custos",1,0,"base.main_company","68","current","other"
"688","688","Outros Custos e Perdas Financeiras",0,"vista",1,0,"base.main_company","68","current","view"
"6881","6881","Serviços Bancários",0,"custos",1,0,"base.main_company","688","current","other"
"6888","6888","Outros não Especificados",0,"custos",1,0,"base.main_company","688","current","other"
"69","69","Custos e Perdas Extraordinárias",0,"razao",1,0,"base.main_company","6","current","view"
"691","691","Donativos",0,"vista",1,0,"base.main_company","69","current","view"
"6911","6911","Donativos consid.como Custo Fiscal",0,"vista",1,0,"base.main_company","691","current","view"
"69111","69111","Donat.consid.CF-Art.1º Estat.Mecena",0,"vista",1,0,"base.main_company","6911","current","view"
"691111","691111","Art.1º E.M.-Fins Excl.Sociais-140%",0,"custos",1,0,"base.main_company","69111","current","other"
"691112","691112","Art.1º E.M.-Fins Exc.Cult.etc-120%",0,"custos",1,0,"base.main_company","69111","current","other"
"691113","691113","Art.1º E.M.-Abrigo Cont.Plurie-130%",0,"custos",1,0,"base.main_company","69111","current","other"
"69112","69112","Donat.consid.CF-Art.2º Estat.Mecena",0,"vista",1,0,"base.main_company","6911","current","view"
"691121","691121","Art.2º E.M.-Instit.Entid.Dive.-130%",0,"custos",1,0,"base.main_company","69112","current","other"
"691122","691122","Art.2º E.M.-Apoios esp.prom.in-140%",0,"custos",1,0,"base.main_company","69112","current","other"
"69113","69113","Donat.consid.CF-Art.3º Estat.Mecena",0,"vista",1,0,"base.main_company","6911","current","view"
"691131","691131","Art.3º E.M.-Entid.Diversas-120%",0,"custos",1,0,"base.main_company","69113","current","other"
"691132","691132","Art.3º E.M.-Entid.Div.Cont.Plu-130%",0,"custos",1,0,"base.main_company","69113","current","other"
"69114","69114","Donat.consid.CF-Art.3º A Estat.Mec.",0,"vista",1,0,"base.main_company","6911","current","view"
"691141","691141","Art.3º A E.M.-Soc.Inform.-130%",0,"custos",1,0,"base.main_company","69114","current","other"
"691142","691142","Art.3º A E.M.-Soc.Inf.Cont.Plu-130%",0,"custos",1,0,"base.main_company","69114","current","other"
"69115","69115","Donat.consid.CF-Art.4º Estat.Mec.",0,"vista",1,0,"base.main_company","6911","current","view"
"691151","691151","Art.4º E.M.-Donat.Organ.Associat.",0,"custos",1,0,"base.main_company","69115","current","other"
"69116","69116","Legislação Especifica",0,"vista",1,0,"base.main_company","6911","current","view"
"691161","691161","Legil.Especif.-Org.Euro 2004-140%",0,"custos",1,0,"base.main_company","69116","current","other"
"6912","6912","Donativos N/cons.Custo Fiscal",0,"custos",1,0,"base.main_company","691","current","other"
"692","692","Dívidas Incobráveis",0,"custos",1,0,"base.main_company","69","current","other"
"693","693","Perdas extraordinárias",0,"custos",1,0,"base.main_company","69","current","other"
"694","694","Perdas em Imobilizações",0,"vista",1,0,"base.main_company","69","current","view"
"6941","6941","Alienação de Invest. Financeiro",0,"custos",1,0,"base.main_company","694","current","other"
"6942","6942","Alienação de Imob. Corpóreas",0,"custos",1,0,"base.main_company","694","current","other"
"6943","6943","Alienação de Imob. Incorpóreas",0,"custos",1,0,"base.main_company","694","current","other"
"6944","6944","Relativas a sinistros",0,"custos",1,0,"base.main_company","694","current","other"
"695","695","Multas e Penalidades",0,"vista",1,0,"base.main_company","69","current","view"
"6951","6951","Multas Fiscais",0,"custos",1,0,"base.main_company","695","current","other"
"6952","6952","Multas não Fiscais",0,"custos",1,0,"base.main_company","695","current","other"
"6953","6953","Juros Mora fornecedores",0,"custos",1,0,"base.main_company","695","current","other"
"696","696","Aumentos de Amort. e Provisões",0,"custos",1,0,"base.main_company","69","current","other"
"697","697","Correcções Relat. Exercícios Ant.",0,"custos",1,0,"base.main_company","69","current","other"
"698","698","Outros Custos e Perdas Extraord.",0,"custos",1,0,"base.main_company","69","current","other"
"71","71","Vendas",0,"razao",1,0,"base.main_company","7","current","view"
"711","711","Vendas-Mercadorias",0,"vista",1,0,"base.main_company","71","current","view"
"7111","7111","Vendas-Merc.-Mercado Nacional",0,"proveitos",1,0,"base.main_company","711","current","other"
"7112","7112","Vendas-Merc.-Mercado Intrac.",0,"proveitos",1,0,"base.main_company","711","current","other"
"7113","7113","Vendas-Merc.-Outros Mercados",0,"proveitos",1,0,"base.main_company","711","current","other"
"712","712","Vendas-Prod. Acabados e Intermédios",0,"vista",1,0,"base.main_company","71","current","view"
"7121","7121","Vendas-Prod.Acab.-Mercado Nacional",0,"proveitos",1,0,"base.main_company","712","current","other"
"7122","7122","Vendas-Prod.Acab.-Mercado Intrac.",0,"proveitos",1,0,"base.main_company","712","current","other"
"7123","7123","Vendas-Prod.Acab.-Outros Mercados",0,"proveitos",1,0,"base.main_company","712","current","other"
"717","717","Devoluções de Vendas",0,"vista",1,0,"base.main_company","71","current","view"
"7171","7171","Dev. Vnd-Mercadorias",0,"vista",1,0,"base.main_company","717","current","view"
"71711","71711","Dev. Vnd-Merc.-Mercado Nac.",0,"proveitos",1,0,"base.main_company","7171","current","other"
"71712","71712","Dev. Vnd-Merc-Mercado Intrac.",0,"proveitos",1,0,"base.main_company","7171","current","other"
"71713","71713","Dev. Vnd-Merc.Outros Mercados",0,"proveitos",1,0,"base.main_company","7171","current","other"
"7172","7172","Dev. Vnd-Prod. Acab. e Intermédios",0,"vista",1,0,"base.main_company","717","current","view"
"71721","71721","Dev. Vnd-Prod.Acab.-Mercado Nac.",0,"proveitos",1,0,"base.main_company","7172","current","other"
"71722","71722","Dev. Vnd-Prod.Acab.-Mercado Intrac.",0,"proveitos",1,0,"base.main_company","7172","current","other"
"71723","71723","Dev. Vnd-Prod.Acab.-Outros Mercados",0,"proveitos",1,0,"base.main_company","7172","current","other"
"718","718","Descontos e Abatimentos em Vendas",0,"vista",1,0,"base.main_company","71","current","view"
"7181","7181","Desc.Abat.Vnd-Mercadorias",0,"vista",1,0,"base.main_company","718","current","view"
"71811","71811","Desc.Abat.Vnd-Merc.-Mercado Nac.",0,"proveitos",1,0,"base.main_company","7181","current","other"
"71812","71812","Desc.Abat.Vnd-Merc.-Mercado Intrac.",0,"proveitos",1,0,"base.main_company","7181","current","other"
"71813","71813","Desc.Abat.Vnd-Merc.-Outros Mercados",0,"proveitos",1,0,"base.main_company","7181","current","other"
"7182","7182","Desc.Abat.Vnd-Prod. Acab. e Int.",0,"vista",1,0,"base.main_company","718","current","view"
"71821","71821","Desc.Abat.Vnd-Prod.Acab.-Merc. Nac.",0,"proveitos",1,0,"base.main_company","7182","current","other"
"71822","71822","Desc.Abat.Vnd-Prod.Acab-Merc Intrac",0,"proveitos",1,0,"base.main_company","7182","current","other"
"71823","71823","Desc.Abat.Vnd-Prod.Acab-Outros Merc",0,"proveitos",1,0,"base.main_company","7182","current","other"
"72","72","Prestações de Serviços",0,"razao",1,0,"base.main_company","7","current","view"
"721","721","Pr.Serviços Madeira",0,"vista",1,0,"base.main_company","72","current","view"
"7210","7210","Pr.Serviços Madeira-isento",0,"proveitos",1,0,"base.main_company","721","current","other"
"7211","7211","Pr.Serviços Madeira Tx Normal",0,"vista",1,0,"base.main_company","721","current","view"
"72111","72111","Pr.Serviços Madeira Tx Normal",0,"proveitos",1,0,"base.main_company","7211","current","other"
"72112","72112","Serviços prestados IVA adquirente",0,"proveitos",1,0,"base.main_company","7211","current","other"
"7214","7214","Pr.Serviços Madeira-Tx Reduzida",0,"proveitos",1,0,"base.main_company","721","current","other"
"723","723","Pr.Serviços Açores",0,"vista",1,0,"base.main_company","72","current","view"
"7231","7231","Pr.Serviços AçoresTx Normal",0,"proveitos",1,0,"base.main_company","723","current","other"
"728","728","Descontos e Abatimentos em Serviços",0,"proveitos",1,0,"base.main_company","723","current","other"
"73","73","Proveitos Suplementares",0,"razao",1,0,"base.main_company","7","current","view"
"731","731","Proveitos Suplementares",0,"proveitos",1,0,"base.main_company","73","current","other"
"74","74","Subsídios à Exploração",0,"razao",1,0,"base.main_company","7","current","view"
"75","75","Trabalhos p/Própria Empresa",0,"razao",1,0,"base.main_company","7","current","view"
"76","76","Outros Proveitos e Ganhos Operac.",0,"razao",1,0,"base.main_company","7","current","view"
"78","78","Proveitos e Ganhos Financeiros",0,"razao",1,0,"base.main_company","7","current","view"
"781","781","Juros Obtidos",0,"vista",1,0,"base.main_company","78","current","view"
"7811","7811","Depósitos Bancários",0,"proveitos",1,0,"base.main_company","781","current","other"
"7818","7818","Outros Juros",0,"proveitos",1,0,"base.main_company","781","current","other"
"785","785","Diferenças de Câmbio Favoráveis",0,"proveitos",1,0,"base.main_company","78","current","other"
"786","786","Descontos de P.Pagamento Obtidos",0,"vista",1,0,"base.main_company","78","current","view"
"7861","7861","Desc. PP-Isentos",0,"proveitos",1,0,"base.main_company","786","current","other"
"7862","7862","Desc. PP-c/Iva Dedutível",0,"proveitos",1,0,"base.main_company","786","current","other"
"788","788","Outros Proveitos e Ganhos Financ.",0,"proveitos",1,0,"base.main_company","78","current","other"
"79","79","Proveitos e Ganhos Extraordinários",0,"razao",1,0,"base.main_company","7","current","view"
"791","791","Restituição de Impostos",0,"proveitos",1,0,"base.main_company","79","current","other"
"792","792","Recuperação de Dívidas",0,"proveitos",1,0,"base.main_company","79","current","other"
"793","793","Ganhos em Existências",0,"proveitos",1,0,"base.main_company","79","current","other"
"794","794","Ganhos em Imobilizações",0,"vista",1,0,"base.main_company","79","current","view"
"7941","7941","Alienação Invest. Financeiros",0,"proveitos",1,0,"base.main_company","794","current","other"
"7942","7942","Alienação Imob. Corpóreas",0,"proveitos",1,0,"base.main_company","794","current","other"
"7943","7943","Alienação Imob. Incorpóreas",0,"proveitos",1,0,"base.main_company","794","current","other"
"7944","7944","Relativas a sinistros",0,"proveitos",1,0,"base.main_company","794","current","other"
"796","796","Redução de Amort. e Provisões",0,"vista",1,0,"base.main_company","79","current","view"
"7961","7961","Redução de Amortizações",0,"proveitos",1,0,"base.main_company","796","current","other"
"7962","7962","Redução de Provisões",0,"proveitos",1,0,"base.main_company","796","current","other"
"797","797","Correcções Rel. Exerc. Anteriores",0,"proveitos",1,0,"base.main_company","79","current","other"
"798","798","Outros Proveitos e Ganhos Extraord",0,"vista",1,0,"base.main_company","79","current","view"
"7981","7981","OPG-Excesso de estimativa p/ imp.",0,"proveitos",1,0,"base.main_company","798","current","other"
"7982","7982","OPG-Diferenças de Preços",0,"proveitos",1,0,"base.main_company","798","current","other"
"7983","7983","Outros Prov. e Ganhos Extraord.",0,"proveitos",1,0,"base.main_company","798","current","other"
"7988","7988","Outros nao especificados",0,"proveitos",1,0,"base.main_company","798","current","other"
"81","81","Resultados Operacionais",0,"razao",1,0,"base.main_company","8","current","view"
"811","811","Resultados Operacionais",0,"capital",1,0,"base.main_company","81","current","other"
"82","82","Resultados Financeiros",0,"razao",1,0,"base.main_company","8","current","view"
"821","821","Resultados Financeiros",0,"capital",1,0,"base.main_company","82","current","other"
"83","83","Resultados Correntes",0,"razao",1,0,"base.main_company","8","current","view"
"831","831","Resultados Correntes",0,"capital",1,0,"base.main_company","83","current","other"
"84","84","Resultados Extraordinários",0,"razao",1,0,"base.main_company","8","current","view"
"841","841","Resultados Extraordinários",0,"capital",1,0,"base.main_company","84","current","other"
"85","85","Resultados Antes de Impostos",0,"razao",1,0,"base.main_company","8","current","view"
"851","851","Resultados Antes de Impostos",0,"capital",1,0,"base.main_company","85","current","other"
"86","86","Imposto s/Rendimento do Exercício",0,"razao",1,0,"base.main_company","8","current","view"
"861","861","Imposto s/Renbdimento do Exercício",0,"capital",1,0,"base.main_company","86","current","other"
"88","88","Resultado Líquido do Exercício",0,"razao",1,0,"base.main_company","8","current","view"
"881","881","Resultado Líquido do Exercício",0,"capital",1,0,"base.main_company","88","current","other"
"89","89","Dividendos Antecipados",0,"razao",1,0,"base.main_company","8","current","view"
"891","891","Dividendos Antecipados",0,"capital",1,0,"base.main_company","89","current","other"
